{"canvasSize":{"width":32,"height":32},"frameCount":11,"currFrameNo":0,"currLayerNo":1,"layerDatas":[{"id":"C0F5ABA6-3383-4530-8D36-C0C190F1693F","name":"Weapons ","contentVisible":true,"opacity":1.0,"isGroup":true,"isGroupOpen":true,"blendMode":"bm-normal","isClippingMask":false,"noSplittingWhenLayerdExport":false,"isLocked":false},{"id":"A851C758-40FA-4230-8A02-D91C2F2488F3","name":"Hand","contentVisible":true,"opacity":1.0,"isGroup":false,"isGroupOpen":true,"parentId":"C0F5ABA6-3383-4530-8D36-C0C190F1693F","cells":[{"id":"65C59EC7-279E-40D5-AAE4-75CA2D4ED76E","inherit":false,"opacity":1.0,"bounds":{"origin":{"x":18,"y":9},"size":{"width":6,"height":6}}},{"id":"737AF9E4-1BB5-4A89-8453-77BC66C04E28","inherit":false,"opacity":1.0,"bounds":{"origin":{"x":16,"y":23},"size":{"width":6,"height":6}}},{"id":"26134F88-5392-4CB9-A135-62E27F8487F3","inherit":false,"opacity":1.0,"bounds":{"origin":{"x":16,"y":22},"size":{"width":6,"height":6}}},{"id":"0733F577-43D6-4D99-9CDE-DFFBB4138C87","inherit":false,"opacity":1.0,"bounds":{"origin":{"x":16,"y":20},"size":{"width":6,"height":6}}},{"id":"8CB661DF-787D-447C-9E9F-626BFB050685","inherit":false,"opacity":1.0,"bounds":{"origin":{"x":16,"y":22},"size":{"width":6,"height":6}}},{"id":"F366B4BF-99BA-437B-98F5-DEB86C19077A","inherit":false,"opacity":1.0,"bounds":{"origin":{"x":16,"y":23},"size":{"width":6,"height":6}}},{"id":"F27452FB-9B1F-4DDF-BF62-B9C27CF3E165","inherit":false,"opacity":1.0,"bounds":{"origin":{"x":16,"y":24},"size":{"width":6,"height":6}}},{"id":"C4D39EA0-E054-4145-BFE9-7D6BB45BEB53","inherit":false,"opacity":1.0,"bounds":{"origin":{"x":16,"y":25},"size":{"width":6,"height":6}}},{"id":"A2381661-492C-4E7A-9432-B69B0044EB41","inherit":false,"opacity":1.0,"bounds":{"origin":{"x":0,"y":0},"size":{"width":0,"height":0}}},{"id":"DF50EAB2-BD0B-4D43-B694-4AC20BE85A82","inherit":false,"opacity":1.0,"bounds":{"origin":{"x":0,"y":0},"size":{"width":0,"height":0}}},{"id":"79B19486-E473-4F42-82FA-5C8766018B86","inherit":false,"opacity":1.0,"bounds":{"origin":{"x":0,"y":0},"size":{"width":0,"height":0}}}],"blendMode":"bm-normal","isClippingMask":false,"noSplittingWhenLayerdExport":false,"isLocked":false},{"id":"58FD2244-0608-4B8A-A3B5-78C129CD81DF","name":"Dagger","contentVisible":true,"opacity":1.0,"isGroup":false,"isGroupOpen":true,"parentId":"C0F5ABA6-3383-4530-8D36-C0C190F1693F","cells":[{"id":"FAFA7B49-3D55-4F62-B02B-30AFE48A6010","inherit":false,"opacity":1.0,"bounds":{"origin":{"x":6,"y":13},"size":{"width":26,"height":28}}},{"id":"E91D5515-96A1-4555-BD93-5B724D1B1DAF","inherit":false,"opacity":1.0,"bounds":{"origin":{"x":15,"y":15},"size":{"width":12,"height":15}}},{"id":"231AAA42-8FC9-4AFA-A705-D5BF7982A39B","inherit":false,"opacity":1.0,"bounds":{"origin":{"x":15,"y":14},"size":{"width":12,"height":15}}},{"id":"C1CD9DEE-404A-4825-A392-B1C732504B1B","inherit":false,"opacity":1.0,"bounds":{"origin":{"x":15,"y":12},"size":{"width":12,"height":15}}},{"id":"19C5E3C2-1920-4ECC-A89D-6D80AB8B00E0","inherit":false,"opacity":1.0,"bounds":{"origin":{"x":15,"y":14},"size":{"width":12,"height":15}}},{"id":"FCACDA69-D36E-4FEE-B09F-2CF020814E91","inherit":false,"opacity":1.0,"bounds":{"origin":{"x":15,"y":15},"size":{"width":12,"height":15}}},{"id":"7CF6F311-1E6D-4BD1-893D-7B97198F979C","inherit":false,"opacity":1.0,"bounds":{"origin":{"x":15,"y":16},"size":{"width":12,"height":15}}},{"id":"14876457-7B07-4B9E-8865-15040AA81B18","inherit":false,"opacity":1.0,"bounds":{"origin":{"x":15,"y":17},"size":{"width":12,"height":15}}},{"id":"8D54D584-9946-4699-9094-71CD5ECA06AB","inherit":false,"opacity":1.0,"bounds":{"origin":{"x":0,"y":0},"size":{"width":0,"height":0}}},{"id":"A59B247C-8E4C-4AD9-A93C-5913CE8BCB1C","inherit":false,"opacity":1.0,"bounds":{"origin":{"x":0,"y":0},"size":{"width":0,"height":0}}},{"id":"0E18D2B2-10DF-4A6E-8A81-9C6D73A48A35","inherit":false,"opacity":1.0,"bounds":{"origin":{"x":0,"y":0},"size":{"width":0,"height":0}}}],"blendMode":"bm-normal","isClippingMask":false,"noSplittingWhenLayerdExport":false,"isLocked":false},{"id":"EF343467-3DB4-4F9A-BDE9-980BA6F6E13C","name":"Roguinho ","contentVisible":true,"opacity":1.0,"isGroup":true,"isGroupOpen":false,"blendMode":"bm-normal","isClippingMask":false,"noSplittingWhenLayerdExport":false,"isLocked":true},{"id":"1D2B3C38-52F0-4B4A-AEC0-DA12D14BE6D2","name":"Jump","contentVisible":false,"opacity":1.0,"isGroup":false,"isGroupOpen":true,"parentId":"EF343467-3DB4-4F9A-BDE9-980BA6F6E13C","tagColor":"Purple","cells":[{"id":"352460C6-0E0A-40CD-BFB2-5D97364EF39D","inherit":false,"opacity":1.0,"bounds":{"origin":{"x":3,"y":17},"size":{"width":12,"height":15}}},{"id":"0B6132D0-673D-4684-81AE-0EFC9C308378","inherit":false,"opacity":1.0,"bounds":{"origin":{"x":4,"y":16},"size":{"width":11,"height":16}}},{"id":"1046F041-AE4C-4654-A175-A816A07D55FF","inherit":false,"opacity":1.0,"bounds":{"origin":{"x":4,"y":16},"size":{"width":11,"height":16}}},{"id":"9D0DD353-33B9-4822-B653-0FBD2450CE23","inherit":false,"opacity":1.0,"bounds":{"origin":{"x":4,"y":15},"size":{"width":11,"height":17}}},{"id":"00ED7D8C-9023-447B-8CF0-0F48BF17CAEC","inherit":false,"opacity":1.0,"bounds":{"origin":{"x":4,"y":15},"size":{"width":11,"height":16}}},{"id":"39F3B92D-61E3-4816-912D-AA9E78C2AE75","inherit":false,"opacity":1.0,"bounds":{"origin":{"x":4,"y":15},"size":{"width":11,"height":16}}},{"id":"5CC8B141-FFCA-4154-9469-64502FC009C3","inherit":false,"opacity":1.0,"bounds":{"origin":{"x":2,"y":14},"size":{"width":13,"height":17}}},{"id":"980C9963-59DE-4456-9084-5C9FEAC0BFFF","inherit":false,"opacity":1.0,"bounds":{"origin":{"x":2,"y":13},"size":{"width":13,"height":18}}},{"id":"51B09F50-40EF-4664-B79C-9A1818B462BD","inherit":false,"opacity":1.0,"bounds":{"origin":{"x":2,"y":17},"size":{"width":13,"height":15}}},{"id":"46B18FB2-BE3C-4DAD-852D-5F170784BDD6","inherit":false,"opacity":1.0,"bounds":{"origin":{"x":3,"y":17},"size":{"width":12,"height":15}}},{"id":"F6B1FF5C-A3C2-4CF1-8905-2505C7B0CE50","inherit":false,"opacity":1.0,"bounds":{"origin":{"x":0,"y":12},"size":{"width":0,"height":0}}}],"blendMode":"bm-normal","isClippingMask":false,"noSplittingWhenLayerdExport":false,"isLocked":false},{"id":"35F2AC41-AEA5-42EB-AFE5-F9619F9D497E","name":"Run","contentVisible":false,"opacity":1.0,"isGroup":false,"isGroupOpen":true,"parentId":"EF343467-3DB4-4F9A-BDE9-980BA6F6E13C","tagColor":"Purple","cells":[{"id":"EE52E851-0C48-4220-98CD-140FCC739DD3","inherit":false,"opacity":1.0,"bounds":{"origin":{"x":4,"y":16},"size":{"width":11,"height":16}}},{"id":"E8EBF74D-6575-4B51-BD40-87FA9E8CDD97","inherit":false,"opacity":1.0,"bounds":{"origin":{"x":4,"y":15},"size":{"width":11,"height":17}}},{"id":"F32E0BE7-2923-4C48-87B7-28C371DC402F","inherit":false,"opacity":1.0,"bounds":{"origin":{"x":4,"y":15},"size":{"width":11,"height":16}}},{"id":"5CFEB896-70EC-4EC9-B6B2-E56C2C01752C","inherit":false,"opacity":1.0,"bounds":{"origin":{"x":4,"y":15},"size":{"width":11,"height":17}}},{"id":"80DD9A28-2760-45F6-89CF-88FFCD47F3DB","inherit":false,"opacity":1.0,"bounds":{"origin":{"x":4,"y":16},"size":{"width":11,"height":16}}},{"id":"595D82A2-3854-45DD-93D7-7F0FB6296D3E","inherit":false,"opacity":1.0,"bounds":{"origin":{"x":4,"y":16},"size":{"width":11,"height":16}}},{"id":"9BE0F016-339F-4139-883B-A646201136CD","inherit":false,"opacity":1.0,"bounds":{"origin":{"x":0,"y":12},"size":{"width":20,"height":20}}},{"id":"1D7A2B24-19B3-48C0-A637-B079781C6E09","inherit":false,"opacity":1.0,"bounds":{"origin":{"x":0,"y":12},"size":{"width":20,"height":19}}},{"id":"2942B41F-48B2-4313-9F5B-D4EC1D5ED634","inherit":false,"opacity":1.0,"bounds":{"origin":{"x":0,"y":12},"size":{"width":20,"height":20}}},{"id":"237B3F7F-8BF3-4FEE-AE97-C0B2A2D83D4D","inherit":false,"opacity":1.0,"bounds":{"origin":{"x":4,"y":16},"size":{"width":11,"height":16}}},{"id":"42211BBF-71AD-4A3D-9A05-FBFEAEADCB41","inherit":false,"opacity":1.0,"bounds":{"origin":{"x":4,"y":16},"size":{"width":11,"height":16}}}],"blendMode":"bm-normal","isClippingMask":false,"noSplittingWhenLayerdExport":false,"isLocked":false},{"id":"4747FF0B-7F58-4A18-93EE-7BE2BAF8D110","name":"Idle","contentVisible":true,"opacity":1.0,"isGroup":false,"isGroupOpen":true,"parentId":"EF343467-3DB4-4F9A-BDE9-980BA6F6E13C","tagColor":"Purple","cells":[{"id":"F451EAC4-5195-48E4-8C00-4C3D92A16D65","inherit":false,"opacity":1.0,"bounds":{"origin":{"x":4,"y":16},"size":{"width":11,"height":16}}},{"id":"CD2826A6-FCBF-454A-9DB6-47DB74C7817C","inherit":false,"opacity":1.0,"bounds":{"origin":{"x":4,"y":16},"size":{"width":11,"height":16}}},{"id":"0DCC9972-5633-4431-B1A1-904A983CA13C","inherit":false,"opacity":1.0,"bounds":{"origin":{"x":4,"y":16},"size":{"width":11,"height":16}}},{"id":"0003C4A4-F017-4C57-AEBA-7DFCD89A5648","inherit":false,"opacity":1.0,"bounds":{"origin":{"x":2,"y":17},"size":{"width":13,"height":15}}},{"id":"A01354D5-8A14-4581-A188-1558DBDC6A69","inherit":false,"opacity":1.0,"bounds":{"origin":{"x":2,"y":17},"size":{"width":13,"height":15}}},{"id":"8749A82E-3724-4E17-B988-CAFC798D64FA","inherit":false,"opacity":1.0,"bounds":{"origin":{"x":2,"y":16},"size":{"width":16,"height":16}}},{"id":"218E7F8D-EC55-4CA6-841B-1325A8175C74","inherit":false,"opacity":1.0,"bounds":{"origin":{"x":3,"y":17},"size":{"width":12,"height":15}}},{"id":"107A1D8D-4EF8-45D5-9C42-72AB3F865F81","inherit":false,"opacity":1.0,"bounds":{"origin":{"x":4,"y":16},"size":{"width":11,"height":16}}},{"id":"BBFB6494-9332-42E7-8F13-7737B9A83809","inherit":false,"opacity":1.0,"bounds":{"origin":{"x":2,"y":16},"size":{"width":0,"height":0}}},{"id":"B024D5E9-9223-43EB-B430-BC1877B05A16","inherit":false,"opacity":1.0,"bounds":{"origin":{"x":2,"y":16},"size":{"width":0,"height":0}}},{"id":"0E0BDBFA-161B-492F-B923-D08751EC8B75","inherit":false,"opacity":1.0,"bounds":{"origin":{"x":2,"y":16},"size":{"width":0,"height":0}}}],"blendMode":"bm-normal","isClippingMask":false,"noSplittingWhenLayerdExport":false,"isLocked":false},{"id":"4055736F-3F39-4C36-903E-02ADB6A0817B","name":"bg","contentVisible":true,"opacity":1.0,"isGroup":false,"isGroupOpen":true,"tagColor":"Green","cells":[{"id":"3256E681-BF94-40D8-9AE1-CAEEE2F7BB22","inherit":false,"opacity":1.0,"bounds":{"origin":{"x":0,"y":0},"size":{"width":32,"height":32}}},{"id":"2CF714CD-2456-46F7-925D-75D2805C3E7C","inherit":false,"opacity":1.0,"bounds":{"origin":{"x":0,"y":0},"size":{"width":32,"height":32}}},{"id":"EEEFDB26-C5DB-4DA9-A061-FB18840B929E","inherit":false,"opacity":1.0,"bounds":{"origin":{"x":0,"y":0},"size":{"width":32,"height":32}}},{"id":"7A160D3E-DFF2-4B63-94AB-33AB6ADCFA35","inherit":false,"opacity":1.0,"bounds":{"origin":{"x":0,"y":0},"size":{"width":32,"height":32}}},{"id":"E4B6599A-B041-4845-B6D9-55AD284493F8","inherit":false,"opacity":1.0,"bounds":{"origin":{"x":0,"y":0},"size":{"width":32,"height":32}}},{"id":"E5AECB10-A7DC-44A3-87EF-7E3459486ECA","inherit":false,"opacity":1.0,"bounds":{"origin":{"x":0,"y":0},"size":{"width":32,"height":32}}},{"id":"4BD65860-E1D2-4418-BAC9-59649E6D662B","inherit":false,"opacity":1.0,"bounds":{"origin":{"x":0,"y":0},"size":{"width":32,"height":32}}},{"id":"A5176D04-E313-4BC5-BCFF-F4A22DA9803A","inherit":false,"opacity":1.0,"bounds":{"origin":{"x":0,"y":0},"size":{"width":32,"height":32}}},{"id":"47760B78-9830-46D0-945E-5D987BD28012","inherit":false,"opacity":1.0,"bounds":{"origin":{"x":0,"y":0},"size":{"width":32,"height":32}}},{"id":"7AD18256-B1E2-4CC3-8464-D47F54BBC2EB","inherit":false,"opacity":1.0,"bounds":{"origin":{"x":0,"y":0},"size":{"width":32,"height":32}}},{"id":"95A65ECB-2FB8-4227-A5C9-2B9B480BF505","inherit":false,"opacity":1.0,"bounds":{"origin":{"x":0,"y":0},"size":{"width":32,"height":32}}}],"blendMode":"bm-normal","isClippingMask":false,"noSplittingWhenLayerdExport":false,"isLocked":false}],"referenceImageDatas":[{"panelState":{"position":[100.0,100.0],"bodyViewSize_vertical":[160.0,160.0],"bodyViewSize_horizontal":[160.0,160.0],"isFolded":false,"hasFoldButton":true,"isLayoutVertical":true,"hasLayoutButton":false,"isOpen":true,"hasCloseButton":false,"title":"Photo .png","isLockedRaw":false,"zOrder":0.0},"fileName":"Photo .png","zoomLevel":1.0,"position":[0.0,0.0],"daPosition":[-27.903765813632276,-1841.778962754333],"daZoomLevel":3.135794487005424,"rotation":0.0,"isFlipX":false,"isFlipY":false,"showInCanvas":false,"inCanvasZoomLevel":0.25,"inCanvasPosition":[0.0,0.0],"inCanvasOpacity":0.5,"inCanvasAboveSprite":false}],"paletteData":{"colorItemMap":[],"colorItemTps":[{"pos":{"x":0,"y":0},"color":{"ra":0,"ga":0,"ba":0,"a":255}},{"pos":{"x":0,"y":4},"color":{"ra":122,"ga":34,"ba":25,"a":255}},{"pos":{"x":3,"y":3},"color":{"ra":168,"ga":214,"ba":242,"a":255}},{"pos":{"x":1,"y":0},"color":{"ra":68,"ga":68,"ba":68,"a":255}},{"pos":{"x":2,"y":0},"color":{"ra":128,"ga":128,"ba":128,"a":255}},{"pos":{"x":3,"y":0},"color":{"ra":193,"ga":193,"ba":193,"a":255}},{"pos":{"x":4,"y":0},"color":{"ra":255,"ga":255,"ba":255,"a":255}},{"pos":{"x":3,"y":1},"color":{"ra":80,"ga":140,"ba":85,"a":255}},{"pos":{"x":4,"y":1},"color":{"ra":189,"ga":229,"ba":142,"a":255}},{"pos":{"x":5,"y":1},"color":{"ra":244,"ga":243,"ba":110,"a":255}},{"pos":{"x":6,"y":1},"color":{"ra":131,"ga":125,"ba":69,"a":255}},{"pos":{"x":2,"y":2},"color":{"ra":251,"ga":219,"ba":208,"a":255}},{"pos":{"x":3,"y":2},"color":{"ra":244,"ga":204,"ba":165,"a":255}},{"pos":{"x":4,"y":2},"color":{"ra":218,"ga":88,"ba":66,"a":255}},{"pos":{"x":1,"y":2},"color":{"ra":32,"ga":40,"ba":114,"a":255}},{"pos":{"x":5,"y":0},"color":{"ra":223,"ga":141,"ba":237,"a":255}},{"pos":{"x":6,"y":0},"color":{"ra":189,"ga":122,"ba":249,"a":255}},{"pos":{"x":7,"y":0},"color":{"ra":53,"ga":29,"ba":73,"a":255}},{"pos":{"x":8,"y":0},"color":{"ra":52,"ga":64,"ba":191,"a":255}},{"pos":{"x":9,"y":0},"color":{"ra":32,"ga":40,"ba":114,"a":255}},{"pos":{"x":11,"y":0},"color":{"ra":168,"ga":133,"ba":53,"a":255}},{"pos":{"x":10,"y":0},"color":{"ra":236,"ga":192,"ba":93,"a":255}}]},"frameDatas":[{"id":"ECA97923-EF55-4BBE-A1F5-CA996B82015C","isClipHead":false,"clipName":"","clipDir":"Forward","duration":1},{"id":"CFC2B2CA-ECD9-4FC3-86AB-E3D4ED7523FB","isClipHead":true,"clipName":"idle","clipDir":"Forward","duration":1},{"id":"F09B2BFC-0105-44DD-9A5B-6F30542D696E","isClipHead":false,"clipName":"","clipDir":"Forward","duration":1},{"id":"B6255CB5-E767-4365-BB53-516FF46163A6","isClipHead":false,"clipName":"","clipDir":"Forward","duration":1},{"id":"4FCB4AF3-F2DF-400C-A3F4-CE2B8AB13AB7","isClipHead":false,"clipName":"","clipDir":"Forward","duration":1},{"id":"10C463EE-DB29-4D97-BF8C-02A44BBF097A","isClipHead":false,"clipName":"","clipDir":"Forward","duration":1},{"id":"65C328CF-334E-45F6-93FB-EE0088C56E8D","isClipHead":false,"clipName":"","clipDir":"Forward","duration":1},{"id":"BD313943-91D1-4B48-B283-2A013EEAE0B4","isClipHead":false,"clipName":"","clipDir":"Forward","duration":1},{"id":"FE2C7360-4226-4052-A042-9080D85FA738","isClipHead":false,"clipName":"","clipDir":"Forward","duration":1},{"id":"B8C4D0A4-461C-48FD-A18F-205EF4A16D60","isClipHead":false,"clipName":"","clipDir":"Forward","duration":1},{"id":"7C0EA5A1-D1E0-4F98-B00F-1EA369A39BBE","isClipHead":false,"clipName":"","clipDir":"Forward","duration":1}],"frameRate":12,"showGrid":false,"gridWidth":16,"gridHeight":16,"showIsoGrid":false,"isoGridHeight":16,"showSymmetricToolHorizontal":false,"showSymmetricToolVertical":false,"symmetricToolPosHorizontal":0,"symmetricToolPosVertical":0,"isSymmetricToolHorizontalOn":false,"isSymmetricToolVerticalOn":false,"showSymmetricTool45Right":false,"showSymmetricTool45Left":false,"isSymmetricTool45RightOn":false,"isSymmetricTool45LeftOn":false,"symmetricToolPos45Right":{"x":0,"y":0},"symmetricToolPos45Left":{"x":0,"y":0},"timelapseRecording":true,"timelapseScaler":3,"timelapseSpeed":20,"isPaletteLocked":false,"generatorInfo":{"appName":"resprite-desktop","appVersion":"1.25.2(123)","deviceModel":"samsung SM-S908E","osVersion":"Android 14 (SDK 34)"}}